{"202623546566901760-572171381815377922": {"experience": 629, "level": 5, "last_message": 1593984119.3756287, "give-shit": 1}, "174007507608535040-572171381815377922": {"experience": 1017, "level": 5, "last_message": 1593984048.7836566, "give-shit": 1}, "202623546566901760-519210590934401040": {"experience": 5411, "level": 8, "last_message": 1587185317.4625926, "give-shit": 1}, "202623546566901760-519211875016114177": {"experience": 1738, "level": 6, "last_message": 1587963659.8366985, "give-shit": 1}, "202623546566901760-519212454912327697": {"experience": 5243, "level": 8, "last_message": 1594870563.3605816, "give-shit": 1}, "202623546566901760-519213405937336331": {"experience": 265, "level": 4, "last_message": 1587959760.7170467, "give-shit": 1}, "202623546566901760-519211111787266075": {"experience": 688, "level": 5, "last_message": 1585628135.803272, "give-shit": 1}, "202623546566901760-519211536619929609": {"experience": 39, "level": 2, "last_message": 1573247057.2769923, "give-shit": 1}, "202623546566901760-519215178047291422": {"experience": 480, "level": 4, "last_message": 1583771484.2730267, "give-shit": 1}, "202623546566901760-522115108189503498": {"experience": 158, "level": 3, "last_message": 1583774244.800478, "give-shit": 1}, "202623546566901760-521847285894742038": {"experience": 210, "level": 3, "last_message": 1581726548.5110571, "give-shit": 1}, "202623546566901760-519213829540937728": {"experience": 82, "level": 3, "last_message": 1571510960.9190154, "give-shit": 1}, "202623546566901760-524389973735112715": {"experience": 407, "level": 4, "last_message": 1579708906.0795615, "give-shit": 1}, "377312796641198081-572171381815377922": {"experience": 439, "level": 4, "last_message": 1593976842.3804169, "give-shit": 1}, "174007507608535040-519210590934401040": {"experience": 3421, "level": 7, "last_message": 1585707113.5259993, "give-shit": 1}, "377312796641198081-519210590934401040": {"experience": 7609, "level": 9, "last_message": 1585145751.4855838, "give-shit": 1}, "174007507608535040-519212454912327697": {"experience": 4341, "level": 8, "last_message": 1587960479.2540812, "give-shit": 1}, "377312796641198081-519212454912327697": {"experience": 2751, "level": 7, "last_message": 1587846249.4531176, "give-shit": 1}, "356145602163113994-519210590934401040": {"experience": 12996, "level": 10, "last_message": 1587550404.1427221, "give-shit": 1}, "174007507608535040-519215178047291422": {"experience": 1135, "level": 5, "last_message": 1587967997.9301343, "give-shit": 1}, "174007507608535040-519211875016114177": {"experience": 2020, "level": 6, "last_message": 1587534288.4765322, "give-shit": 1}, "377312796641198081-519211875016114177": {"experience": 1265, "level": 5, "last_message": 1587963770.3558798, "give-shit": 1}, "356145602163113994-519212454912327697": {"experience": 6476, "level": 8, "last_message": 1585699742.6130009, "give-shit": 1}, "419000899768156171-519210590934401040": {"experience": 4487, "level": 8, "last_message": 1578765809.2238562, "give-shit": 1}, "314165001692774401-519212454912327697": {"experience": 962, "level": 5, "last_message": 1585708321.6658602, "give-shit": 1}, "377312796641198081-572121647629336588": {"experience": 185, "level": 3, "last_message": 1568929149.100405, "give-shit": 1}, "202623546566901760-572121647629336588": {"experience": 17, "level": 2, "last_message": 1566190742.4120748, "give-shit": 1}, "472546808103567370-519210590934401040": {"experience": 83, "level": 3, "last_message": 1573613727.425973, "give-shit": 1}, "167058030645608449-519210590934401040": {"experience": 500, "level": 4, "last_message": 1578191825.0998173, "give-shit": 1}, "279634996157743104-572121647629336588": {"experience": 12, "level": 1, "last_message": 1566261275.8986742, "give-shit": 1}, "174007507608535040-572121647629336588": {"experience": 13, "level": 1, "last_message": 1566860970.674783, "give-shit": 0}, "314165001692774401-519211111787266075": {"experience": 484, "level": 4, "last_message": 1581815601.5798597, "give-shit": 1}, "356145602163113994-519211111787266075": {"experience": 216, "level": 3, "last_message": 1578273657.2461796, "give-shit": 1}, "310158218963976192-519212454912327697": {"experience": 1003, "level": 5, "last_message": 1587526333.5884562, "give-shit": 1}, "356145602163113994-519211875016114177": {"experience": 2110, "level": 6, "last_message": 1587958433.595687, "give-shit": 1}, "419000899768156171-519211875016114177": {"experience": 657, "level": 5, "last_message": 1593948616.3710153, "give-shit": 1}, "310158218963976192-519210590934401040": {"experience": 497, "level": 4, "last_message": 1587185663.258522, "give-shit": 1}, "419000899768156171-519215178047291422": {"experience": 235, "level": 3, "last_message": 1578695030.7891676, "give-shit": 1}, "310158218963976192-519213829540937728": {"experience": 5, "level": 1, "last_message": 1566434803.1022043, "give-shit": 1}, "356145602163113994-524389973735112715": {"experience": 890, "level": 5, "last_message": 1579709052.0217187, "give-shit": 1}, "419000899768156171-524389973735112715": {"experience": 206, "level": 3, "last_message": 1579135897.7935276, "give-shit": 1}, "356145602163113994-522115108189503498": {"experience": 71, "level": 2, "last_message": 1583774508.884425, "give-shit": 1}, "419000899768156171-519212454912327697": {"experience": 839, "level": 5, "last_message": 1587846243.2576761, "give-shit": 1}, "167058030645608449-519212454912327697": {"experience": 429, "level": 4, "last_message": 1579726642.881825, "give-shit": 1}, "167058030645608449-522115108189503498": {"experience": 28, "level": 2, "last_message": 1585142658.2237952, "give-shit": 1}, "356145602163113994-572121647629336588": {"experience": 103, "level": 3, "last_message": 1567131217.5939748, "give-shit": 1}, "314165001692774401-519210590934401040": {"experience": 169, "level": 3, "last_message": 1583769780.5836806, "give-shit": 1}, "174007507608535040-519211111787266075": {"experience": 118, "level": 3, "last_message": 1585107414.6714804, "give-shit": 1}, "356145602163113994-519215178047291422": {"experience": 771, "level": 5, "last_message": 1583771776.200545, "give-shit": 1}, "419000899768156171-572121647629336588": {"experience": 17, "level": 2, "last_message": 1567174448.434183, "give-shit": 1}, "377312796641198081-519215178047291422": {"experience": 222, "level": 3, "last_message": 1573781955.682137, "give-shit": 1}, "314165001692774401-519215178047291422": {"experience": 9, "level": 1, "last_message": 1567120153.653766, "give-shit": 1}, "314165001692774401-616808934187204618": {"experience": 80, "level": 2, "last_message": 1571753373.9335878, "give-shit": 1}, "377312796641198081-616808934187204618": {"experience": 63, "level": 2, "last_message": 1572221934.2964387, "give-shit": 1}, "356145602163113994-616808934187204618": {"experience": 593, "level": 4, "last_message": 1583087017.2877798, "give-shit": 1}, "174007507608535040-616808934187204618": {"experience": 26, "level": 2, "last_message": 1571445504.2965107, "give-shit": 1}, "310158218963976192-521847285894742038": {"experience": 39, "level": 2, "last_message": 1587525051.148449, "give-shit": 1}, "202623546566901760-240282018510929920": {"experience": 150, "level": 3, "last_message": 1571376150.4114451, "give-shit": 1}, "174007507608535040-519213405937336331": {"experience": 133, "level": 3, "last_message": 1582663419.7090118, "give-shit": 1}, "314165001692774401-519213405937336331": {"experience": 17, "level": 2, "last_message": 1581950149.773252, "give-shit": 1}, "174007507608535040-524389973735112715": {"experience": 167, "level": 3, "last_message": 1579707393.4235125, "give-shit": 1}, "419000899768156171-240282018510929920": {"experience": 69, "level": 2, "last_message": 1567741643.6290078, "give-shit": 1}, "202623546566901760-619380141679968256": {"experience": 10861, "level": 10, "last_message": 1593984470.3968554, "give-shit": 1}, "572835234329133077-337677719347265536": {"experience": 9, "level": 1,